{"cameraMode":{"drawMode":0,"name":"Shaded","section":"Shading Mode"},"sceneLighting":true,"audioPlay":false,"sceneViewState":{"showFog":true,"showMaterialUpdate":false,"showSkybox":true,"showFlares":true,"showImageEffects":true,"showParticleSystems":true},"in2DMode":false,"pivot":{"x":440.0741271972656,"y":461.1297912597656,"z":-32.58208084106445},"rotation":{"x":0.006308821961283684,"y":-0.01650426723062992,"z":0.00010134622425539419,"w":0.9998500943183899},"size":430.35699462890627,"orthographic":false}